index,QatABCD,RADAR,Zorya Type I,CBASS Type II,TerY-P,CBASS Type III,AbiEii,IetAS,Septu,Wadjet Type I,Druantia Type III,CBASS Type IIv,Gao System 20,AVAST Type V,Gabija
Pa15,0.9611817727662925,0.1985672438765044,0.5556379205144689,0.7254720805121398,0.17163951794341237,-0.8031296792761852,0.7253690819116674,-0.32991830710429065,0.4337748943914521,0.46831779556597075,0.2802459391755007,0.7153753348057433,0.42696383903347623,0.049570548028183996,0.12008509585553066
Pa28,0.9853106263898486,0.12557447028336777,0.5515248325491022,0.7187721760501486,0.0830142885284046,-0.8906749224640059,0.7095855807090151,-0.375734072233276,0.43500091532242724,0.42764842396574815,0.32713078251396577,0.6686259453860929,0.45941097409955584,0.029132907619282947,-0.23083440066129293
Pa36,-0.8878005931963235,-0.07536918571380284,-0.0800428330575181,0.01671615744309768,0.29173622640202046,0.8645992691829415,-1.0928043953917108,-0.07217535547945213,-0.04763828841222694,-0.23901076376733044,-0.6122064130907082,0.06970887710292112,-0.06358884755308856,0.7369939359549417,0.039968516617814864
Pa29,0.04005782959846447,-0.06804675263417714,0.2938731757380045,0.24512288903965684,-0.08030287185866448,0.1384991630553983,0.0745654446286642,-0.04773640256149584,-0.032804283121683944,0.7108260138192447,0.541325117911275,0.043696830418540715,0.020671108747073955,-0.034559395938937885,0.04605845560376016
Pa22,0.12731883772943633,0.8154402527510434,0.6209685395853641,0.7440785913450864,0.8058916938113656,1.0568177959114176,0.049138442672964744,-0.0014373258279883159,0.025840131756017726,0.1608908577431549,0.0722955696571594,0.10013883832882868,0.02863791632800668,0.15136652333389403,0.042214641627365705
Pa6,0.3161732676515044,0.9969440879274769,0.6608471832359332,0.8307027168824898,0.8985394465248099,1.232105644875231,-0.02503696979260565,0.0252883724681993,0.05066716657948809,0.12209342660118506,0.053549974061134466,0.07895722961330987,0.007305851999658067,0.08687082717828513,0.05632115306223016
Pa18,-0.04783151173073258,0.7910364807652622,0.5434242243786528,0.7812542901721873,0.9587253196568742,1.1013491006272986,-0.20872048035977375,-0.24475493435342446,-0.21284886496994435,-0.12169820456175078,-0.1581230560090113,-0.03870217519221696,-0.2136135248075088,0.036116313773290214,-0.22848845892824568
Pa25,0.06448014384428036,0.6279564053412175,0.5880948492627361,0.6168531286473988,0.8842977749412116,0.825079492587759,0.026904795609298534,-0.010906017950317808,0.0173026782246606,0.059293691167274974,0.044957968695880195,0.05759644882651956,0.01074076728910762,0.13002676562760127,0.006842628334869749
Pa3,0.5926306763889712,-0.05241403074844703,0.6610530632756234,0.6892366026713993,0.7497343693961319,0.730726406863992,0.04569689505437352,-0.0723935051410201,-0.05662966678141251,0.1870680195207287,0.1488316320381106,0.1400710732510929,-0.031236492943962857,0.14269862596955327,0.03821481499960322
Pa10,0.21202918550437924,-0.7086849618604619,-0.6917644734626279,0.25749771274833017,-0.014795284999511367,-0.46235901162172466,-0.7699124048387459,0.06666684900350121,-0.08943909396011945,0.05373561151083079,0.49958781270332775,-0.08097139696539947,0.1982425798274994,-0.1901305478598708,-0.600299930967125
Pa12,0.7517052077565487,-0.5515816107493464,-0.06053650555224845,-0.10252729419952733,0.13831278068336558,-0.5145655412430878,-0.39841000116222713,0.05248857093089602,-0.1240355003381709,-0.3311238023618467,0.47957239526826084,-0.1162871904689774,0.1519989050419123,-0.0025964630778728807,-0.3995351328275348
Pa21,0.8582743761038677,-0.5325998676603808,-0.09881069337988752,-0.14384225788054752,0.23062407910410873,0.18808444365470098,-0.3401928330392905,0.03206519143767966,-0.04686118530542346,-0.43165870727885675,0.518471306741323,-0.055390753753672806,-0.14907289992821102,0.1240689397959376,-0.3991696946790159
Pa24,0.8109458258218077,-0.4559405024694234,-0.046689751851574014,-0.016967077243695294,0.28566769159097744,-0.39301548010492765,-0.18832528460799824,0.07264991758385217,-0.0463669869147082,0.06719404734307204,0.5566723666060539,-0.07170724457854863,-0.09350174387914456,0.1505403758889341,-0.3083257040240037
Pa2,0.43860438359203857,-0.9735134116776353,-0.45854857229990503,0.2962481149393459,0.12674195689210635,-0.6265916188965962,-0.7293349369763417,-0.08290334762002483,-0.04130587492469523,-0.5645677679439748,0.8226248669493303,-0.04659570915084976,0.4098806500086875,0.1389854770530999,-0.8958670783135491
Pa33,0.03436325744903079,0.933059951399594,-0.9827924352023732,-0.06713181460155022,0.03436325744903079,-0.6515877114450696,-0.4425440758436469,0.19198541309727554,0.011392679597269187,0.2531431160036344,0.5516547330865684,0.0576109007426252,0.034256880731587974,-0.019357824997512162,-0.6684599246217818
Pa35,-0.1341146786549187,0.8999907734271414,-0.6363080061316649,0.11501188397407176,-0.20040416585464702,-0.4793852716710289,-0.31241200573637284,0.2371821208302981,-0.09975456189609926,-0.07752900917002005,0.5019976326309872,-0.12446710085899405,-0.1949588866713713,-0.03125418133251271,-0.44059406171799426
